attendance_percentage,study_hours_per_week,assignment_score,quiz_score,midterm_marks,previous_gpa,participation_level,final_result
82.5,19.0,57.9,36.4,44.5,2.5,Medium,Pass
72.9,16.6,65.8,52.1,59.4,2.48,Low,Pass
84.7,12.3,56.1,58.8,60.3,1.54,Medium,Pass
97.8,8.8,63.4,93.3,68.5,2.57,Low,Pass
71.5,15.5,39.6,73.3,35.4,3.31,High,Merit
71.5,14.0,,45.0,70.7,1.91,Medium,Pass
98.7,16.5,68.0,72.3,11.3,3.53,Low,Pass
86.5,15.2,55.7,41.8,48.7,3.14,Medium,Pass
68.0,17.2,77.9,81.2,51.2,2.29,Medium,Merit
83.1,9.3,82.1,57.9,71.4,2.7,High,Merit
68.0,18.6,43.9,63.6,,3.92,High,Merit
68.0,13.0,56.6,84.9,34.7,3.31,Medium,Pass
78.6,22.4,56.5,45.7,42.3,2.81,High,Pass
46.3,,53.9,44.0,63.6,2.63,Medium,Pass
49.1,20.7,80.4,56.2,58.6,2.85,Low,Pass
66.6,13.0,65.1,80.6,49.6,2.44,Medium,Pass
,8.7,64.0,42.2,51.3,1.33,Medium,Pass
79.7,9.6,37.9,22.5,72.5,4.0,Medium,Pass
61.4,10.4,77.5,58.2,50.7,2.91,High,Pass
53.8,14.1,49.4,73.3,58.4,3.08,Medium,Pass
97.0,14.6,68.9,83.0,99.1,2.76,High,Distinction
71.6,9.1,72.2,58.1,34.4,,High,Merit
76.0,11.9,88.4,58.8,26.7,2.67,Medium,Pass
53.6,22.7,48.4,82.3,74.1,1.68,Medium,Merit
66.8,,22.7,37.0,47.8,4.0,Medium,Fail
76.7,14.2,70.8,59.2,54.3,1.94,High,Pass
57.7,12.2,,67.9,45.9,2.08,Medium,Fail
80.6,12.6,,71.7,55.3,2.49,Low,Merit
66.0,15.1,71.1,57.4,88.8,3.7,Medium,Pass
70.6,6.9,60.6,65.5,74.4,2.81,Medium,Pass
66.0,10.7,80.1,27.7,75.5,1.93,Low,Fail
100.0,3.7,53.4,55.1,34.5,3.68,Low,Pass
74.8,14.0,75.1,71.8,39.3,3.31,Medium,Pass
59.1,15.2,75.6,50.3,10.0,3.18,Medium,Fail
87.3,9.6,83.9,65.9,45.4,3.3,Medium,Merit
56.7,19.9,100.0,71.7,77.2,4.0,Medium,Merit
78.1,5.9,73.9,59.9,69.3,4.0,Low,Pass
45.6,,60.4,67.6,56.0,2.32,Medium,Fail
55.1,,67.6,50.6,59.6,3.94,Medium,Pass
78.0,17.2,41.5,61.9,47.6,3.07,Low,Pass
86.1,20.4,57.6,74.2,63.7,3.15,Medium,Pass
77.6,9.7,61.9,67.4,73.8,1.62,Medium,Pass
73.3,17.4,60.1,56.2,30.9,2.68,Low,Fail
70.5,11.8,70.3,,65.4,2.23,Low,Pass
52.8,11.1,55.7,75.7,,3.38,Low,Merit
64.2,16.4,84.8,,52.5,3.55,High,Merit
68.1,15.3,68.0,82.4,72.6,1.35,High,Pass
90.9,4.1,,60.0,100.0,2.78,High,Merit
80.2,19.4,63.1,71.4,58.1,3.59,High,Merit
48.6,18.9,70.3,83.0,67.1,2.67,Medium,Pass
79.9,8.9,80.4,44.4,46.7,3.31,Medium,Pass
69.2,14.0,55.0,54.4,63.3,3.05,Medium,Pass
64.8,14.5,58.1,60.7,68.3,3.04,Low,Pass
84.2,13.3,63.4,53.2,63.5,2.61,Medium,Pass
90.5,9.2,47.8,91.0,41.6,,High,Merit
89.0,8.6,55.7,52.1,63.7,2.01,Medium,Pass
62.4,11.9,,56.7,86.3,3.3,Medium,Pass
70.4,17.9,81.1,68.1,68.1,2.81,Medium,Merit
80.0,14.7,71.9,47.0,77.3,2.7,Medium,Merit
89.6,10.1,70.9,59.1,55.7,2.5,Medium,Pass
67.8,15.9,80.8,69.8,73.5,2.59,High,Merit
72.2,1.0,65.9,60.0,65.0,,Medium,Fail
58.4,17.7,73.9,63.6,42.9,2.57,High,Pass
,3.3,66.5,,65.7,1.86,Medium,Pass
87.2,10.2,72.0,42.3,42.1,3.32,High,Pass
95.3,6.4,59.3,69.8,48.6,2.66,Medium,Pass
,5.5,31.4,91.3,63.4,2.82,Medium,Merit
90.1,17.8,66.0,65.3,65.4,3.93,Medium,Merit
80.4,9.7,89.3,68.4,38.6,2.79,High,Merit
65.3,13.7,81.9,,79.0,3.0,High,Merit
80.4,11.8,82.5,46.0,70.3,1.97,Low,Pass
98.1,,86.5,90.5,47.3,2.65,Low,Merit
74.5,12.4,69.3,68.0,32.3,3.23,High,Merit
98.5,5.6,71.0,89.5,57.4,1.71,Medium,Pass
35.7,17.0,58.7,54.0,52.0,2.94,Medium,Fail
87.3,9.5,,92.3,62.0,2.87,Medium,Pass
76.3,4.2,77.2,76.6,53.5,2.83,Low,Pass
70.5,9.9,86.1,73.3,,3.53,High,Pass
76.4,19.5,65.9,68.5,53.0,3.03,High,Merit
45.2,16.3,61.2,61.3,54.5,3.83,Medium,Merit
71.7,10.3,68.0,83.0,71.4,2.1,Medium,Pass
80.4,10.3,77.0,67.1,47.4,2.9,High,Merit
97.2,10.4,46.3,35.5,90.2,2.86,Low,Pass
67.2,22.4,33.6,48.2,25.6,2.05,High,Pass
62.9,13.9,59.7,62.2,83.6,3.47,Medium,Pass
67.5,14.2,49.7,69.6,56.0,4.0,Medium,Merit
88.7,17.2,60.4,64.2,75.5,2.79,High,Distinction
79.9,13.2,65.8,83.3,61.4,3.15,Medium,Merit
67.1,10.7,61.2,35.7,80.5,2.86,Medium,Pass
82.7,11.0,89.8,,53.0,2.3,Medium,Merit
76.5,,72.9,37.7,40.2,1.53,Medium,Pass
89.5,11.8,72.5,76.4,85.6,2.31,Medium,Merit
,15.6,77.3,63.6,58.0,1.83,High,Pass
70.1,12.3,50.9,71.3,64.0,,High,Pass
69.1,15.7,83.6,52.0,82.2,2.72,Medium,Merit
53.0,11.6,66.9,84.2,41.4,2.56,Medium,Pass
79.4,12.4,78.1,80.6,70.7,3.42,Low,Pass
78.9,,51.9,73.8,49.4,2.01,Low,Fail
75.1,16.6,44.7,63.1,57.6,2.26,Medium,Pass
71.5,13.7,80.3,73.7,61.3,2.85,High,Merit
53.8,17.0,,54.4,,,Medium,Pass
68.7,1.0,54.5,77.8,46.0,3.15,High,Pass
69.9,22.4,55.0,89.7,84.3,2.97,Low,Pass
63.0,11.3,84.9,81.1,76.0,2.85,Medium,Pass
72.6,17.5,50.2,54.1,58.9,3.08,Low,Pass
81.1,6.8,92.6,70.4,64.4,2.94,Medium,Merit
100.0,15.1,54.5,45.6,54.7,2.08,Low,Pass
77.6,6.7,77.6,73.6,84.4,2.83,High,Merit
78.9,8.9,63.1,71.8,56.4,2.05,Low,Pass
73.9,21.6,77.0,37.0,64.2,2.86,High,Pass
46.2,11.0,59.8,47.6,80.6,2.46,Medium,Fail
74.6,13.1,65.6,60.8,46.0,4.0,High,Merit
75.9,16.4,68.6,,88.1,2.77,Medium,Merit
100.0,14.5,53.0,46.9,32.5,1.82,High,Pass
72.1,12.8,,70.8,89.3,2.71,Low,Merit
79.5,13.8,60.3,68.8,53.3,3.16,High,Distinction
74.5,24.0,64.6,62.1,55.6,3.97,High,Merit
57.5,11.7,53.1,53.7,26.0,2.39,Low,Fail
,13.0,,80.7,51.8,1.69,Low,Fail
86.3,17.3,65.1,89.8,41.3,3.37,Medium,Pass
86.9,17.5,100.0,57.7,49.1,1.83,High,Merit
61.4,17.9,79.8,55.8,,2.49,Medium,Pass
96.0,15.2,67.7,72.4,77.2,2.62,Medium,Merit
54.0,6.3,,59.6,63.7,2.75,Low,Fail
83.8,20.2,68.3,62.9,65.5,3.28,Low,Merit
100.0,6.3,,76.1,40.3,2.32,High,Merit
60.1,13.5,50.3,36.4,44.1,,Low,Fail
66.5,8.2,84.7,84.8,92.4,2.79,Medium,Merit
76.5,11.7,78.7,66.1,46.8,2.9,High,Merit
67.4,13.6,78.8,58.8,89.8,2.87,Low,Pass
51.7,13.6,74.6,63.7,55.6,3.11,Medium,Pass
76.0,14.1,68.3,64.4,,3.39,Low,Pass
59.1,,78.1,39.0,79.3,3.07,Medium,Pass
82.1,14.3,76.9,87.4,82.9,3.12,Low,Merit
61.2,10.8,62.7,65.6,58.0,1.69,High,Fail
98.2,16.8,59.4,71.6,53.0,2.84,Medium,Merit
63.3,17.9,69.5,,59.0,,Medium,Pass
70.2,5.9,91.2,49.7,66.1,3.31,Medium,Merit
87.2,15.0,49.4,72.1,76.0,2.32,Low,Merit
56.5,15.5,,61.0,60.1,2.34,High,Pass
78.4,10.5,70.5,77.7,71.1,2.4,Medium,Pass
94.6,18.9,68.8,33.1,89.5,3.18,Medium,Distinction
,11.2,70.6,63.5,66.9,3.52,Low,Pass
77.8,12.6,71.7,56.0,,2.51,Medium,Pass
78.9,11.1,64.7,71.5,32.7,3.44,Low,Pass
86.7,12.1,90.3,72.1,12.6,2.89,Medium,Pass
56.4,6.5,44.0,54.4,67.0,2.71,Low,Fail
55.2,4.8,55.6,54.3,58.3,2.65,High,Pass
82.8,20.0,66.5,63.3,50.7,3.32,Medium,Pass
,7.8,43.4,51.6,64.4,3.03,High,Pass
78.8,7.0,65.4,77.6,58.9,4.0,High,Merit
80.2,1.2,92.9,59.5,80.3,2.2,Low,Pass
64.8,8.8,68.3,21.4,61.5,3.16,Medium,Pass
78.5,5.4,71.5,59.4,46.6,2.43,Low,Fail
79.4,20.2,49.1,49.4,77.8,,Medium,Pass
,17.0,58.8,40.5,56.1,2.79,High,Pass
100.0,8.6,62.4,46.4,69.5,2.9,Medium,Merit
82.1,23.3,63.2,66.6,51.4,4.0,Medium,Merit
57.1,16.9,87.2,84.9,48.3,2.67,Medium,Merit
84.8,10.4,76.4,69.7,61.5,2.01,Medium,Merit
60.4,1.0,51.3,55.9,60.2,2.99,Low,Pass
86.8,23.5,71.7,71.8,68.6,1.35,High,Merit
92.4,5.1,75.5,58.1,55.2,2.74,Medium,Pass
62.7,3.8,85.1,54.6,26.9,2.81,High,Pass
89.5,17.1,91.7,47.7,52.2,3.36,Low,Pass
81.2,24.2,52.8,38.7,74.3,3.48,Medium,Merit
,18.9,55.8,59.2,54.6,2.45,Medium,Merit
100.0,14.8,49.1,67.4,55.6,2.69,Low,Pass
71.3,15.0,64.5,63.6,77.8,2.26,Medium,Pass
,16.3,75.0,58.8,47.2,2.01,High,Merit
61.7,15.8,82.8,50.8,32.2,,High,Pass
62.8,13.4,66.9,74.1,57.1,1.91,Medium,Pass
73.8,12.5,63.2,45.2,51.3,2.51,Medium,Pass
80.1,11.7,70.3,76.6,42.6,2.1,Low,Pass
79.2,,55.5,50.0,56.8,3.18,High,Pass
,10.6,99.3,53.7,68.8,4.0,Low,Merit
75.2,3.5,43.9,43.0,59.8,1.89,High,Fail
,11.5,70.8,57.5,65.5,1.5,Medium,Pass
71.0,7.1,,79.6,92.6,2.71,Medium,Merit
100.0,6.5,68.1,72.7,53.8,2.81,High,Pass
84.4,12.9,65.1,79.7,65.0,2.95,Low,Pass
62.1,19.0,62.6,72.8,,2.49,Medium,Merit
58.9,16.6,65.3,48.4,44.8,2.66,Medium,Merit
82.2,4.1,88.6,60.0,49.5,3.06,Low,Pass
71.6,7.1,34.8,53.3,51.4,3.53,Medium,Pass
85.7,16.7,91.0,85.0,66.5,1.43,Medium,Merit
82.1,7.1,46.6,47.0,100.0,2.54,High,Merit
73.9,10.9,64.0,78.4,,2.95,Low,Pass
62.3,14.8,61.6,78.4,52.5,2.16,High,Pass
52.3,7.2,76.8,92.4,58.9,4.0,Low,Pass
68.3,12.5,44.0,58.9,67.1,2.36,Low,Fail
87.8,5.3,74.9,75.7,64.7,2.77,Medium,Merit
78.2,9.0,98.4,99.2,,3.19,Low,Merit
56.3,13.6,47.6,55.7,16.3,2.39,Low,Fail
,4.0,70.8,42.0,17.0,1.51,High,Fail
80.8,14.2,58.1,36.8,51.1,2.5,Medium,Pass
61.7,11.9,74.4,75.7,,3.52,Low,Merit
77.3,14.8,68.3,36.8,31.8,2.56,Low,Pass
75.9,13.1,58.4,59.4,10.0,2.21,High,Pass
57.9,18.8,75.3,71.6,70.3,3.45,High,Merit
80.4,12.6,95.1,67.8,64.4,2.57,Medium,Merit
83.4,9.9,65.1,71.4,40.4,2.44,Low,Pass
91.2,12.6,78.8,68.3,42.3,2.9,Low,Merit
,14.7,48.6,84.2,42.5,3.34,Low,Fail
54.3,,53.7,50.7,62.0,4.0,Low,Fail
60.9,12.2,75.1,54.8,48.7,3.38,Medium,Pass
82.7,8.5,90.3,53.4,68.9,3.61,Low,Pass
82.7,8.7,73.3,77.5,10.0,2.45,Medium,Pass
82.7,5.0,63.3,78.5,44.6,,Medium,Pass
100.0,20.7,68.0,71.8,39.7,2.84,High,Merit
83.6,5.8,49.2,82.8,55.4,2.88,High,Pass
92.0,8.5,77.1,47.3,50.3,2.05,Medium,Merit
89.3,8.4,81.2,90.0,74.4,2.68,Medium,Merit
84.8,16.5,61.2,,26.5,3.08,Medium,Pass
70.3,10.5,60.9,76.0,60.8,3.05,Medium,Pass
86.4,18.2,72.0,91.7,70.1,3.15,High,Distinction
63.4,8.6,61.4,40.2,93.4,3.0,Medium,Merit
71.4,13.4,67.0,57.1,51.3,2.45,High,Merit
67.7,7.8,99.5,54.0,65.8,2.44,High,Merit
76.2,22.7,64.3,75.8,27.5,1.96,Medium,Pass
100.0,6.1,62.6,49.2,16.9,4.0,Medium,Pass
47.0,13.5,58.3,76.4,75.2,2.81,Low,Pass
,15.2,79.2,85.6,59.9,2.64,Low,Pass
50.8,14.1,65.3,75.4,81.2,2.15,Medium,Pass
67.9,11.1,58.3,69.3,35.3,4.0,Low,Pass
91.3,11.4,87.8,50.2,69.4,2.05,High,Pass
76.0,12.2,89.3,52.3,93.6,2.5,Low,Merit
58.8,11.3,59.0,83.7,67.6,3.09,Medium,Pass
64.3,16.8,40.0,76.7,,,Medium,Pass
85.2,23.1,83.1,64.4,60.2,3.47,Medium,Merit
64.0,9.2,57.7,58.7,31.7,4.0,Medium,Pass
78.2,5.2,79.9,34.6,84.4,3.15,High,Merit
75.7,11.6,38.4,48.9,49.0,2.06,Medium,Pass
65.2,24.9,81.4,93.7,69.1,2.62,Medium,Distinction
100.0,8.0,49.8,,31.9,3.02,Low,Pass
84.5,20.2,79.0,67.8,38.8,4.0,Medium,Merit
44.6,20.4,68.2,,85.8,1.82,High,Merit
77.8,,53.7,46.2,53.7,3.64,Medium,Pass
65.1,14.8,61.9,67.8,86.2,2.93,High,Merit
87.8,20.1,78.3,79.1,58.6,3.39,Medium,Merit
63.1,10.1,69.6,65.2,26.8,2.73,Low,Fail
73.3,11.0,76.8,100.0,76.1,2.21,Low,Pass
82.6,9.1,97.6,40.0,49.4,3.33,Medium,Merit
88.0,6.9,44.5,80.9,72.6,3.26,Medium,Pass
57.0,8.8,92.3,62.4,60.5,3.48,High,Merit
70.0,5.9,69.6,76.6,32.2,2.79,Medium,Fail
67.9,12.2,54.5,71.6,63.0,2.38,Medium,Pass
65.2,8.2,48.0,54.0,99.5,1.71,Medium,Pass
100.0,13.2,65.2,68.4,68.9,3.37,Medium,Merit
81.1,4.2,81.8,37.1,59.0,3.1,Low,Pass
56.1,13.7,66.1,,79.4,2.12,Low,Pass
88.8,16.2,90.7,69.5,63.8,2.42,Low,Pass
100.0,2.0,46.2,74.6,63.8,2.47,Low,Fail
90.5,13.9,67.8,80.9,40.4,1.76,Low,Pass
52.2,,49.2,70.5,64.2,2.23,Low,Fail
67.7,6.0,,67.2,78.6,2.01,Medium,Pass
94.0,20.4,81.3,51.8,45.0,2.51,Medium,Merit
64.4,14.1,61.7,54.3,85.6,,High,Pass
81.7,8.5,28.9,82.8,58.3,1.66,Low,Pass
86.6,11.7,71.0,86.5,44.0,4.0,Medium,Merit
61.1,14.8,74.6,61.4,78.0,3.68,Medium,Pass
74.1,12.4,74.1,65.7,54.8,2.25,Low,Pass
26.4,14.7,86.5,51.4,73.7,2.99,High,Pass
59.6,7.4,51.9,82.6,54.7,3.09,Low,Fail
71.2,12.8,78.2,75.0,58.9,3.63,High,Merit
56.3,4.9,85.9,94.1,68.9,2.23,High,Merit
99.5,11.4,,51.8,65.2,3.56,Medium,Pass
53.5,7.5,72.8,59.3,24.1,2.42,Medium,Fail
68.4,8.3,60.4,68.5,39.8,1.86,Medium,Pass
77.0,18.2,66.8,74.7,76.7,,Medium,Merit
96.6,17.5,73.2,61.8,57.6,3.7,Medium,Merit
53.5,15.0,60.7,51.9,50.6,4.0,Low,Pass
92.4,6.5,57.9,78.2,35.5,1.96,Low,Fail
75.2,10.4,68.5,75.8,40.6,3.29,Medium,Pass
60.3,18.1,51.7,51.3,23.6,2.51,Medium,Pass
81.9,12.7,51.7,85.3,58.2,3.35,High,Merit
78.0,23.6,,82.6,49.2,1.77,Low,Merit
66.0,14.0,50.8,67.0,42.6,1.92,High,Pass
76.0,13.0,78.0,66.2,58.8,2.26,Low,Pass
69.2,10.5,74.9,73.3,66.6,2.86,Medium,Pass
76.7,12.7,42.1,52.1,97.7,2.35,Medium,Pass
84.9,11.2,57.8,65.5,32.8,3.26,Medium,Pass
98.8,15.5,85.9,32.7,80.9,3.52,Low,Merit
56.4,16.8,53.3,78.1,77.5,3.22,Medium,Merit
100.0,8.1,61.0,41.6,46.0,3.93,High,Merit
45.7,5.3,74.9,87.6,63.7,3.09,Medium,Pass
72.7,2.8,79.8,60.0,51.8,1.95,Medium,Pass
83.8,14.5,64.2,61.8,,3.75,High,Merit
79.2,6.5,59.0,55.6,87.2,2.38,High,Merit
65.7,1.2,89.3,60.7,70.9,3.44,Medium,Pass
71.9,13.9,94.1,86.3,69.2,3.9,Medium,Merit
67.6,,82.7,27.7,52.3,3.12,High,Merit
66.2,12.0,69.3,84.2,33.3,1.75,Medium,Pass
87.7,16.2,55.9,70.1,56.2,2.16,Low,Fail
80.4,12.4,55.5,46.9,81.7,3.73,Medium,Merit
64.6,11.5,75.8,48.9,32.5,2.68,High,Pass
88.5,16.6,74.3,,41.0,2.86,Low,Pass
79.6,10.5,89.0,50.8,62.3,3.33,High,Merit
87.2,,77.8,47.7,42.3,3.29,Low,Pass
84.4,13.6,45.5,82.1,45.7,3.0,High,Merit
62.6,8.7,83.8,70.1,52.4,2.65,Medium,Pass
66.6,17.0,53.0,50.9,35.4,2.58,Medium,Pass
86.2,11.1,62.2,68.2,42.5,3.4,High,Merit
84.2,8.2,71.8,49.6,72.7,3.19,Medium,Pass
74.7,,97.9,81.5,36.5,2.62,Medium,Merit
76.8,7.5,100.0,80.9,31.2,3.56,Low,Merit
94.2,12.1,77.1,73.0,48.7,2.71,Low,Pass
66.1,12.0,65.3,70.4,73.2,2.2,Low,Pass
83.2,17.4,76.0,91.4,56.5,2.27,Medium,Merit
72.0,14.4,81.3,,51.6,2.11,Low,Fail
71.7,11.9,63.2,47.3,60.8,2.61,Low,Pass
91.5,16.1,94.9,71.7,28.6,3.66,Medium,Pass
87.4,19.0,71.5,96.3,68.9,,Medium,Merit
87.2,14.8,75.5,49.8,66.9,,High,Merit
94.6,12.1,78.0,59.6,52.6,2.34,Low,Pass
75.3,5.4,74.3,71.2,78.1,2.62,Low,Merit
85.2,6.7,80.6,64.2,39.7,1.74,High,Pass
,10.5,58.7,50.3,80.3,2.65,Medium,Merit
79.9,9.0,59.6,81.8,62.8,2.66,High,Merit
73.0,11.1,51.5,99.8,53.9,,High,Pass
76.5,12.3,74.6,67.9,59.6,2.96,High,Distinction
83.9,,79.7,51.4,58.1,1.96,Low,Pass
62.7,11.6,74.9,41.8,,3.56,High,Pass
100.0,14.4,93.1,68.9,40.6,2.95,High,Merit
59.9,12.3,67.9,81.6,46.3,2.94,Medium,Pass
56.8,2.1,78.0,,78.7,2.79,Medium,Pass
92.4,,51.6,65.0,49.3,2.44,Medium,Pass
86.9,11.3,62.2,56.2,76.2,2.95,Low,Pass
84.4,6.0,78.4,48.6,90.6,3.13,Medium,Merit
,15.0,80.7,77.5,52.8,1.58,Medium,Pass
74.8,19.7,63.6,78.7,72.3,,Medium,Pass
61.5,18.1,66.9,41.8,,2.62,Medium,Pass
76.1,10.9,45.2,88.8,73.6,2.98,Medium,Pass
64.8,19.5,62.6,,63.6,3.64,Medium,Merit
89.6,12.7,81.4,86.0,68.5,2.26,High,Merit
72.8,10.3,76.6,44.9,48.4,2.45,Low,Pass
62.6,8.9,75.5,44.5,30.1,2.44,Medium,Pass
70.2,10.5,68.7,62.8,69.1,,Low,Pass
81.2,10.1,68.1,72.5,22.9,2.56,Medium,Pass
66.5,12.9,58.1,,54.3,3.34,High,Merit
62.7,12.8,78.5,75.6,76.9,2.06,High,Merit
78.7,12.0,74.3,61.4,63.5,3.1,Medium,Pass
78.7,14.2,75.4,49.6,95.1,1.61,High,Merit
67.4,18.0,60.1,83.5,78.5,2.41,Low,Pass
67.9,16.7,35.7,50.5,48.2,2.57,Medium,Fail
78.5,4.6,84.5,89.4,60.5,3.97,Low,Pass
53.3,1.0,60.8,60.7,59.1,2.61,High,Pass
53.9,16.7,55.1,88.9,31.5,1.26,Medium,Pass
64.2,5.2,78.4,75.2,43.1,1.4,Medium,Pass
71.8,10.9,62.1,62.9,49.9,2.82,High,Pass
79.7,6.1,83.9,57.2,23.3,3.23,Low,Pass
,3.0,77.3,59.9,60.9,3.06,Low,Pass
87.9,14.7,78.3,71.4,55.5,2.92,High,Merit
72.6,15.8,47.5,66.2,29.9,3.61,Medium,Pass
74.7,9.1,86.2,56.1,67.3,2.42,Low,Pass
60.0,1.0,71.9,62.5,72.9,3.43,Medium,Pass
74.7,9.3,62.5,66.2,,1.66,Medium,Pass
70.7,14.0,70.2,33.1,54.2,2.17,Low,Pass
79.8,4.6,41.4,71.9,70.6,1.54,Medium,Pass
,12.9,74.1,50.3,72.2,2.61,Low,Pass
82.8,11.9,52.6,,65.5,2.77,Medium,Pass
98.0,14.9,47.7,39.7,45.2,2.88,High,Pass
73.4,12.6,45.2,38.1,65.0,2.84,High,Pass
81.0,7.1,84.7,44.7,81.5,2.15,Medium,Merit
,18.0,58.6,54.4,49.3,2.67,Low,Fail
69.0,11.2,91.0,94.3,97.8,1.75,High,Distinction
78.4,11.9,60.0,57.1,50.5,3.75,Medium,Pass
75.2,7.3,42.4,67.7,60.6,2.59,Low,Fail
76.5,9.8,51.3,71.0,47.9,2.46,High,Pass
63.4,7.6,86.5,67.0,64.0,3.91,High,Merit
75.4,11.1,65.7,63.8,28.6,1.93,High,Pass
82.5,20.6,59.8,47.1,50.2,2.01,High,Pass
96.8,5.1,70.4,86.8,40.3,2.03,Low,Pass
89.4,3.9,75.5,92.1,62.4,2.75,Low,Pass
100.0,,84.8,39.8,77.9,3.1,Medium,Merit
63.5,,89.7,49.6,71.6,3.32,Low,Pass
88.1,8.7,62.6,60.8,17.3,4.0,Medium,Pass
77.8,17.2,48.1,50.5,96.8,1.23,High,Merit
100.0,9.0,61.8,72.6,65.3,3.23,High,Merit
62.9,21.1,71.9,54.1,46.0,2.41,Medium,Fail
62.4,15.4,53.5,97.5,62.8,2.39,High,Merit
66.0,9.6,53.6,82.9,63.2,2.37,High,Pass
43.1,22.8,73.2,68.2,,,Medium,Pass
67.1,9.0,67.3,80.4,,3.98,Low,Pass
63.6,15.7,68.5,81.6,,3.39,Medium,Pass
77.3,13.5,56.6,56.5,52.7,,Medium,Pass
80.1,18.5,64.5,52.8,47.6,3.75,Low,Pass
100.0,19.8,54.1,66.2,34.2,1.74,Medium,Pass
89.3,12.2,81.4,77.9,62.6,1.87,Low,Pass
66.3,8.2,83.5,67.1,70.5,1.28,Medium,Pass
61.5,14.3,40.3,41.3,,2.31,High,Merit
82.4,8.6,54.1,53.0,74.8,2.91,Low,Pass
55.2,22.1,45.6,63.9,65.8,2.87,High,Merit
100.0,12.7,58.2,63.9,50.4,2.9,Medium,Pass
92.7,10.2,66.7,94.6,75.1,1.81,Low,Pass
68.0,,46.3,44.2,35.6,3.36,High,Pass
49.3,5.3,54.2,72.6,43.8,2.97,Medium,Fail
95.3,7.1,52.9,87.3,42.6,3.31,Medium,Merit
73.3,18.0,71.1,99.1,79.4,1.48,High,Distinction
93.6,8.7,69.0,58.9,77.0,3.02,Medium,Merit
51.1,6.8,57.2,72.4,68.8,1.97,Medium,Pass
,14.7,70.7,73.5,79.3,2.52,Low,Pass
75.1,17.9,,67.9,44.2,3.17,High,Pass
75.7,15.6,63.9,63.5,66.3,2.86,Medium,Pass
68.2,17.0,,71.5,57.7,2.2,Medium,Merit
84.3,8.2,88.1,27.0,75.2,2.8,Low,Pass
59.0,4.9,48.5,75.2,57.9,1.73,Medium,Pass
72.9,19.5,80.4,66.9,53.1,3.61,High,Merit
76.8,10.4,,61.7,69.7,2.66,Medium,Merit
82.7,10.7,50.8,95.7,75.8,3.58,Medium,Merit
85.7,18.6,80.3,54.9,48.0,2.43,Medium,Pass
,14.8,91.1,59.0,58.9,2.43,High,Merit
52.0,14.3,51.2,94.9,40.9,2.27,Medium,Pass
94.2,22.8,54.2,52.5,15.0,3.41,High,Pass
80.0,8.8,83.3,,63.6,2.3,High,Merit
63.8,16.6,72.1,62.8,71.0,,Medium,Merit
98.3,12.3,76.3,77.6,64.7,2.53,Low,Merit
76.7,13.3,73.1,68.1,24.9,1.42,Medium,Pass
92.7,19.6,73.9,45.6,53.7,,High,Merit
76.0,14.5,48.1,57.0,,1.97,Low,Fail
100.0,14.7,83.7,55.9,84.7,2.82,Medium,Merit
100.0,17.4,85.5,,40.5,1.97,High,Merit
71.3,10.2,64.6,71.4,,3.45,Medium,Merit
89.6,7.8,67.3,71.3,77.0,2.74,Medium,Pass
84.7,,45.0,38.4,43.8,2.68,Low,Fail
95.5,2.2,75.7,81.0,39.6,3.26,Low,Pass
60.5,22.3,76.6,68.8,66.3,,High,Merit
85.3,6.5,67.1,85.8,44.8,2.79,Low,Pass
90.9,10.9,84.9,71.7,61.8,2.26,Medium,Pass
48.6,10.6,63.0,81.5,51.3,1.56,High,Pass
57.3,13.5,76.5,72.0,27.9,2.32,Medium,Pass
44.4,16.1,52.7,85.2,19.9,2.37,High,Pass
71.0,16.3,67.6,72.8,64.1,2.87,High,Pass
85.8,9.1,65.4,63.5,49.9,2.56,Medium,Merit
97.5,11.2,71.4,99.1,50.0,3.28,Low,Merit
76.1,13.4,62.5,78.3,72.5,2.37,High,Merit
99.4,10.8,66.0,73.6,81.1,2.76,Medium,Pass
54.3,20.0,80.4,45.9,55.1,3.63,Low,Pass
49.4,14.5,61.4,45.7,53.9,3.04,High,Pass
74.2,15.7,43.9,69.4,69.0,2.76,Low,Pass
80.8,15.3,94.2,67.2,35.6,2.38,High,Merit
74.5,17.9,88.7,55.8,64.0,2.36,Low,Merit
44.0,12.9,48.6,67.1,69.9,2.2,Low,Fail
73.7,5.5,78.3,88.8,72.2,2.42,Low,Pass
55.4,14.0,60.5,75.4,25.1,3.33,High,Pass
85.0,8.7,72.0,47.9,46.3,2.64,Medium,Fail
80.5,9.4,72.4,63.3,44.2,1.86,High,Pass
60.9,14.9,64.5,52.9,61.8,4.0,Medium,Merit
67.3,18.2,56.2,59.2,68.7,3.02,Medium,Pass
59.1,12.1,,58.8,86.9,1.82,Low,Fail
74.1,13.5,54.3,57.8,51.1,2.49,Medium,Pass
89.3,20.5,55.5,46.2,51.0,2.88,Medium,Pass
60.2,13.2,,63.1,80.7,3.99,Medium,Merit
82.6,25.0,57.3,56.6,,2.02,Medium,Merit
,,78.2,21.1,82.8,,High,Pass
63.1,3.2,90.3,95.8,65.2,3.78,Low,Merit
73.4,,59.3,81.3,39.2,2.36,High,Pass
59.5,13.9,71.6,59.4,36.0,2.61,Low,Pass
66.7,18.4,75.5,65.3,32.1,2.07,Medium,Pass
57.0,15.4,75.1,47.4,71.9,2.66,Medium,Merit
100.0,11.3,69.1,90.4,81.4,2.77,Medium,Merit
75.5,5.9,79.1,93.5,93.3,3.26,Medium,Merit
64.5,11.0,75.2,67.4,75.2,3.56,Medium,Pass
78.2,7.7,49.4,80.4,80.9,2.28,Medium,Pass
73.3,9.1,81.0,67.6,49.6,,High,Merit
71.7,14.9,81.3,44.9,39.2,2.79,Medium,Pass
84.2,20.3,56.6,58.8,75.3,3.01,High,Merit
86.4,14.0,68.6,67.0,67.5,2.97,Low,Pass
67.0,6.0,78.2,58.2,61.9,2.57,Medium,Pass
66.4,14.2,64.9,61.7,67.0,2.89,Medium,Pass
70.9,18.0,84.1,63.6,65.8,3.86,Medium,Merit
40.5,9.0,100.0,63.8,83.1,3.07,Medium,Merit
52.3,11.3,56.2,65.8,83.3,,Medium,Fail
95.5,12.1,47.3,49.1,69.8,2.45,Low,Fail
,8.1,72.6,54.2,75.2,2.68,Low,Pass
71.3,15.2,78.8,45.7,69.3,3.95,Low,Pass
83.6,,64.5,79.7,51.7,2.67,Medium,Merit
79.7,14.1,89.8,33.4,73.6,2.79,Medium,Merit
100.0,7.6,47.9,82.3,34.9,2.46,High,Merit
91.8,9.8,78.4,85.8,79.0,3.57,High,Distinction
73.1,15.6,58.9,60.5,38.5,4.0,Low,Pass
,10.1,93.8,26.0,65.1,3.12,High,Merit
50.9,20.6,97.9,59.6,44.8,2.86,High,Pass
78.1,10.0,56.5,64.0,70.0,,Medium,Merit
63.7,13.1,59.8,49.8,59.4,1.13,Medium,Pass
53.7,16.7,80.9,57.3,31.3,3.32,High,Pass
65.3,4.9,62.2,88.0,67.6,2.89,Medium,Pass
58.8,3.2,67.3,,49.6,3.1,High,Merit
100.0,4.4,68.4,51.1,75.9,2.3,Low,Pass
88.2,18.3,39.2,41.0,60.0,2.53,Low,Fail
74.9,9.2,67.8,60.1,67.1,2.51,Medium,Merit
97.2,24.8,57.7,61.8,42.8,3.52,Medium,Merit
76.2,9.2,60.6,72.4,49.4,2.53,High,Pass
62.1,12.9,89.7,57.0,51.7,4.0,High,Pass
97.8,19.7,49.2,72.7,75.4,3.1,Medium,Pass
83.1,22.0,80.2,94.0,90.2,1.91,Low,Merit
59.4,22.3,63.8,77.2,45.5,2.71,High,Merit
,18.0,63.8,,79.4,2.34,Medium,Pass
61.9,17.1,79.9,62.3,20.9,1.26,Low,Pass
54.3,15.0,73.1,59.6,38.5,3.92,Medium,Pass
88.9,15.9,76.6,82.7,42.7,3.29,High,Merit
100.0,9.2,82.5,55.6,35.7,3.17,High,Merit
54.0,7.9,,65.7,31.5,2.92,Medium,Fail
,12.0,58.8,65.8,67.4,1.83,Medium,Pass
65.2,11.1,51.7,57.5,56.1,2.46,High,Pass
67.7,9.7,55.6,44.4,66.8,3.39,Medium,Pass
66.1,15.5,100.0,,,2.06,Medium,Merit
62.0,16.8,86.7,64.1,64.8,1.03,Medium,Pass
75.7,,47.7,72.5,71.8,2.64,High,Merit
62.5,19.4,,57.0,58.7,,Low,Fail
79.1,6.3,75.2,83.3,38.6,2.89,Low,Pass
74.2,11.0,76.2,51.8,79.0,3.31,Medium,Merit
71.4,8.4,76.2,90.7,49.4,3.25,Medium,Merit
61.4,2.7,64.2,38.8,43.2,2.98,Medium,Fail
66.3,11.6,66.1,71.5,56.8,3.64,Low,Fail
86.3,11.4,72.9,72.1,43.6,1.74,Medium,Pass
82.5,,69.3,53.1,52.5,3.15,Medium,Pass
60.3,15.2,34.7,71.4,66.2,3.24,Low,Fail
76.5,6.9,64.6,84.2,66.3,1.93,Low,Pass
86.3,21.3,55.2,31.7,43.8,1.75,High,Pass
50.0,,70.6,72.5,51.2,2.28,High,Pass
83.2,14.9,100.0,27.6,79.3,2.34,Low,Pass
65.1,10.9,73.5,50.5,68.9,3.33,High,Pass
,7.2,63.3,89.4,97.4,2.37,Medium,Merit
63.6,10.1,81.8,56.3,81.2,2.2,High,Pass
47.9,17.4,75.2,47.4,80.6,2.37,Medium,Pass
50.6,21.4,74.3,62.0,35.0,3.58,Medium,Pass
75.7,19.7,77.1,96.0,73.7,2.81,Low,Merit
,9.6,98.8,37.5,59.0,2.67,Medium,Merit
61.4,6.4,51.0,49.2,50.1,2.72,High,Fail
84.6,12.7,75.1,87.5,63.0,3.7,Medium,Merit
50.1,3.2,54.1,92.9,77.0,2.28,Medium,Pass
74.0,13.6,76.3,63.4,69.0,3.72,Low,Pass
56.8,11.3,54.2,46.4,44.2,2.95,High,Fail
65.2,9.7,61.7,,73.4,2.69,Medium,Pass
,4.0,63.6,88.9,48.5,4.0,Medium,Pass
62.1,14.6,82.6,75.2,63.9,2.06,High,Merit
69.2,,81.8,52.8,54.5,2.55,Low,Fail
90.1,6.2,49.3,64.3,56.1,1.94,Medium,Pass
66.3,1.0,68.8,62.6,73.8,3.47,High,Merit
87.5,11.9,57.4,70.0,41.3,3.98,Medium,Pass
,20.9,49.1,86.8,95.0,3.97,Medium,Merit
82.9,20.3,64.7,78.2,27.2,3.66,Medium,Merit
,9.7,63.4,48.8,49.2,,High,Pass
37.9,9.0,100.0,85.6,,2.54,Low,Pass
63.0,14.3,,69.7,70.5,1.63,High,Merit
83.7,,47.3,75.3,58.2,4.0,High,Pass
72.0,13.5,,87.0,,3.13,Low,Pass
80.6,15.8,,48.3,67.4,2.46,High,Merit
65.9,18.1,99.3,64.5,55.8,3.73,Medium,Merit
76.3,11.5,44.2,57.0,85.1,2.12,Medium,Merit
72.7,11.0,39.8,41.5,75.1,3.08,High,Pass
92.5,7.6,96.1,70.2,75.7,2.68,High,Merit
78.8,,73.8,,42.6,3.25,Low,Pass
80.1,10.9,55.0,37.4,58.6,2.76,Medium,Merit
68.8,13.8,76.0,64.5,54.6,1.78,Medium,Pass
67.7,16.6,28.5,74.6,41.9,2.85,Medium,Pass
68.5,8.0,68.1,66.8,66.5,3.53,Medium,Merit
80.9,19.5,72.9,63.3,50.3,2.78,Low,Pass
68.7,10.6,81.9,45.5,71.8,3.34,Medium,Merit
79.3,11.9,52.8,68.5,40.7,2.07,Medium,Pass
100.0,8.3,69.3,53.6,,2.78,Low,Pass
88.1,1.0,54.1,32.2,43.9,2.36,High,Pass
70.1,16.4,71.8,82.9,63.9,3.32,High,Merit
93.0,15.7,54.6,79.4,74.3,2.82,Medium,Merit
68.9,10.6,61.9,65.8,49.7,3.28,Medium,Pass
44.4,12.3,53.1,68.4,75.3,3.56,Medium,Pass
59.9,14.6,77.8,81.1,37.9,3.28,Medium,Pass
46.9,,80.9,68.4,86.1,2.99,Low,Pass
69.7,9.4,64.5,78.6,60.3,2.1,High,Pass
75.3,16.0,68.6,60.5,49.3,2.8,Low,Pass
100.0,5.7,46.3,84.7,54.6,2.43,Low,Fail
,13.5,63.5,69.8,74.6,2.56,Low,Pass
71.7,5.2,67.2,67.9,49.5,2.54,Low,Pass
87.4,14.3,100.0,45.9,46.5,2.11,Low,Pass
,11.8,51.3,69.3,56.0,1.43,High,Pass
78.5,3.9,90.0,52.5,38.8,2.33,Medium,Pass
86.6,17.8,83.0,55.4,92.8,2.94,Low,Merit
52.8,8.3,72.2,52.8,49.8,,Low,Pass
92.2,7.9,94.4,49.0,75.0,2.81,High,Merit
80.1,13.0,73.6,96.9,63.8,4.0,Medium,Merit
68.8,17.7,73.8,85.0,42.3,3.52,Medium,Pass
84.5,6.9,67.2,93.8,59.9,3.95,High,Merit
100.0,12.3,86.4,46.7,74.1,3.07,Medium,Distinction
77.7,14.1,84.4,66.1,56.6,3.62,Medium,Pass
78.7,15.5,58.6,45.6,81.5,,Low,Pass
68.1,,48.2,54.6,78.4,2.35,Medium,Pass
62.3,10.2,65.0,51.2,76.5,0.88,Medium,Pass
87.5,7.9,56.0,83.6,51.7,3.63,Medium,Merit
62.2,12.4,67.0,59.1,40.6,3.88,Medium,Pass
76.1,6.6,86.6,81.0,49.0,,Medium,Merit
67.8,1.0,61.1,74.1,63.5,,Low,Fail
82.2,14.2,67.4,99.6,69.8,2.27,Low,Pass
80.0,16.5,68.9,42.8,20.9,3.07,Medium,Pass
90.6,1.0,80.7,83.9,59.9,3.59,High,Merit
67.3,7.0,34.3,82.2,62.8,1.58,Medium,Pass
71.0,15.1,58.9,50.4,55.0,3.09,Medium,Pass
60.3,22.3,,80.1,83.2,2.61,Medium,Pass
68.3,12.1,86.0,70.0,67.6,2.88,Low,Pass
80.7,8.4,60.6,61.6,,3.12,Low,Merit
86.4,,39.9,52.6,56.1,2.67,Medium,Pass
61.2,18.9,,54.2,76.9,2.73,Low,Pass
,8.8,58.5,,89.4,2.65,Low,Merit
95.3,8.0,50.2,65.0,83.6,3.48,High,Merit
81.2,,58.6,76.7,,,Low,Pass
100.0,7.2,65.2,53.1,55.4,,Medium,Pass
63.4,,58.9,53.3,53.8,1.91,Medium,Pass
56.3,20.1,34.9,81.2,68.8,2.53,Medium,Pass
48.3,13.6,81.5,44.8,72.4,3.43,Medium,Pass
97.4,10.7,87.1,58.8,44.9,2.83,Medium,Merit
84.8,10.5,77.8,65.5,61.2,3.26,Medium,Merit
74.2,4.2,50.9,66.7,23.6,4.0,High,Pass
79.2,16.4,65.0,62.3,86.0,3.53,High,Merit
58.1,11.6,67.9,70.9,50.8,2.87,Low,Pass
100.0,11.1,77.0,75.4,61.0,2.44,Low,Merit
76.9,28.0,78.0,76.0,54.4,1.01,High,Merit
76.6,13.5,57.0,50.2,80.6,2.68,Medium,Pass
85.9,8.2,69.2,60.7,10.0,2.57,Medium,Fail
82.2,9.9,74.9,82.9,,3.07,Medium,Merit
78.4,17.7,89.8,,58.1,2.69,Low,Pass
63.1,12.6,78.6,44.4,51.8,2.58,Medium,Pass
82.1,4.8,79.8,70.3,91.1,1.55,Medium,Merit
100.0,16.6,69.3,35.3,44.0,2.14,Low,Pass
95.2,8.7,89.2,65.7,73.9,3.13,Medium,Merit
98.9,21.4,74.1,93.5,66.4,4.0,High,Distinction
67.3,17.4,55.1,50.8,82.7,2.73,Medium,Pass
60.2,9.8,89.1,52.5,48.0,3.03,Low,Pass
73.1,18.4,78.5,76.5,46.8,3.47,Medium,Merit
75.8,12.3,61.4,41.9,79.7,2.23,High,Pass
,16.3,60.8,55.5,67.7,3.06,High,Merit
49.6,14.4,72.4,73.9,32.2,2.28,Medium,Pass
97.9,7.8,74.9,55.5,50.3,3.41,Low,Pass
72.6,8.8,71.0,61.5,67.0,2.91,High,Pass
68.6,17.1,72.7,76.2,75.1,3.01,Medium,Merit
59.8,10.3,93.5,71.3,,2.25,Low,Pass
50.2,10.0,84.1,69.0,10.0,3.29,Medium,Pass
87.3,7.2,70.9,59.9,69.4,4.0,Medium,Merit
76.1,14.1,82.1,70.6,38.0,2.09,Medium,Pass
55.7,22.3,52.5,63.1,,2.56,Low,Pass
55.6,6.7,74.0,71.9,10.0,2.96,Medium,Fail
70.0,12.1,95.1,57.5,74.7,3.35,High,Merit
,19.1,64.7,62.3,62.3,2.41,High,Merit
71.1,11.6,55.3,50.2,55.9,0.82,High,Pass
52.5,14.3,58.2,64.5,85.0,3.75,High,Merit
71.3,6.7,51.7,52.8,71.5,3.33,Low,Pass
70.9,14.1,56.2,48.3,89.1,1.58,Medium,Pass
34.5,11.1,62.4,68.9,34.9,2.37,Medium,Fail
74.2,16.9,46.9,68.2,59.4,3.9,High,Merit
71.5,17.9,68.2,76.7,30.9,3.81,Medium,Pass
85.4,24.9,81.5,58.5,55.9,3.46,High,Merit
100.0,14.9,54.4,71.1,55.5,2.68,Medium,Pass
91.9,13.6,90.8,73.3,71.3,2.86,High,Merit
71.0,13.0,75.7,,60.8,2.71,Low,Pass
58.4,10.2,83.5,52.6,71.2,,Low,Pass
100.0,13.7,58.1,67.2,72.7,2.19,High,Merit
75.9,10.5,80.8,70.5,98.8,2.24,Low,Pass
75.2,12.8,51.6,65.1,54.3,3.51,High,Merit
74.6,18.6,81.4,33.7,43.1,2.77,Low,Fail
78.0,7.0,70.6,67.4,64.4,3.76,Medium,Pass
72.8,17.7,76.3,98.2,45.6,2.33,Medium,Merit
66.4,,50.4,59.6,86.7,2.76,Medium,Pass
66.8,11.4,54.6,54.1,54.9,2.15,Medium,Pass
74.5,1.4,77.0,70.6,49.8,2.81,Medium,Pass
66.8,9.0,53.8,69.7,51.5,1.77,Low,Pass
64.3,18.5,74.9,82.9,72.9,2.46,Low,Merit
76.6,11.9,47.5,46.1,,1.79,Medium,Merit
71.2,7.0,80.7,76.0,48.4,3.29,Medium,Pass
97.6,9.5,49.5,73.9,90.0,3.3,High,Merit
35.2,16.2,76.3,62.9,44.6,1.59,Medium,Fail
91.4,14.7,77.4,70.1,60.6,3.73,Medium,Merit
93.7,10.8,57.5,80.4,71.7,4.0,Medium,Merit
43.9,10.2,76.7,78.1,30.6,2.83,Low,Fail
69.9,,71.9,47.9,68.6,2.35,Medium,Merit
69.4,7.4,59.9,,41.0,4.0,High,Pass
53.9,20.1,52.9,64.0,74.8,1.88,High,Pass
63.3,10.4,38.6,66.1,42.7,2.81,Medium,Pass
58.3,18.1,73.2,,,2.93,Medium,Pass
100.0,19.6,44.5,62.7,79.9,,High,Distinction
89.0,17.0,,82.9,,3.05,Medium,Merit
94.1,9.8,64.0,63.7,64.5,2.45,Low,Pass
85.8,14.0,78.2,48.2,55.8,2.13,Low,Pass
58.1,11.9,63.5,,49.6,2.56,Medium,Pass
,7.5,63.1,67.7,86.5,2.1,High,Pass
82.3,13.6,79.0,83.4,47.4,2.83,Medium,Pass
56.7,6.1,73.0,74.0,41.3,2.41,Low,Fail
85.7,17.9,72.7,52.2,72.0,1.75,Low,Pass
71.4,9.7,75.0,100.0,45.7,3.68,High,Merit
69.4,13.0,,69.0,42.9,2.45,High,Pass
,13.4,79.4,,34.0,1.91,Medium,Merit
81.7,10.7,77.2,62.7,51.3,2.68,Medium,Pass
69.6,14.9,52.7,73.0,58.5,2.85,Low,Pass
92.4,9.6,64.3,77.6,64.4,1.58,High,Merit
58.8,16.4,67.4,83.3,77.1,3.03,High,Merit
84.2,5.3,66.0,80.9,69.5,2.07,Medium,Merit
83.9,12.6,73.0,78.1,56.6,4.0,High,Merit
70.4,21.7,89.5,60.3,56.4,3.17,Low,Pass
79.9,7.0,84.2,56.4,69.2,2.52,Low,Pass
56.2,8.6,48.3,70.0,82.9,2.28,Low,Pass
88.9,14.6,77.3,79.0,62.3,2.73,Low,Pass
,12.9,87.9,61.7,51.6,3.23,Medium,Merit
67.2,13.8,73.8,81.0,42.1,2.78,Medium,Fail
90.7,14.4,84.4,86.8,34.0,2.65,Medium,Merit
64.4,15.2,98.2,,72.0,2.84,Medium,Merit
53.9,17.5,83.4,,70.4,2.38,Medium,Pass
51.7,14.0,71.7,62.9,70.4,2.56,Low,Pass
84.1,10.8,83.7,69.6,57.7,1.34,Medium,Pass
55.8,15.4,,57.1,85.3,3.48,Medium,Pass
100.0,21.5,68.4,,51.3,3.01,Medium,Merit
43.8,11.3,62.7,71.4,77.2,2.26,High,Pass
100.0,7.1,91.5,65.6,59.3,4.0,High,Merit
78.2,17.5,55.7,43.5,49.0,2.86,High,Merit
73.5,11.4,91.0,45.3,70.7,2.07,Medium,Merit
66.8,1.1,75.5,69.2,67.4,3.4,Low,Pass
81.0,16.2,47.0,33.0,66.4,3.08,Medium,Pass
74.4,9.3,73.5,80.2,61.5,,Low,Pass
,11.5,36.5,62.6,59.3,2.5,Medium,Pass
76.7,13.7,77.4,,100.0,3.12,Low,Merit
77.3,13.0,81.3,99.6,,2.62,High,Merit
69.5,15.5,59.1,62.3,73.0,3.19,Low,Pass
74.1,9.8,69.9,,62.0,1.47,High,Pass
79.6,14.6,97.3,79.9,78.1,2.5,High,Merit
49.3,10.7,60.4,90.5,69.3,4.0,Medium,Merit
54.8,15.7,52.1,40.4,60.5,2.26,High,Fail
86.1,15.1,90.2,38.2,54.5,2.38,Medium,Pass
77.6,7.3,97.4,55.7,58.5,2.49,High,Merit
72.2,17.4,68.1,73.7,10.0,1.95,Medium,Pass
75.3,9.3,83.2,72.5,63.8,1.25,High,Merit
80.2,16.0,88.1,,,2.64,Medium,Merit
66.9,13.8,56.9,47.0,88.7,2.9,High,Pass
63.3,21.2,60.7,30.3,60.3,2.76,Medium,Fail
77.9,10.9,86.5,77.9,38.6,2.7,Medium,Pass
60.3,10.3,93.3,52.6,59.1,2.83,High,Pass
81.1,11.9,76.4,34.7,41.2,3.52,High,Pass
49.5,10.5,54.8,,68.5,2.67,Medium,Pass
90.4,16.0,97.8,76.9,65.2,,Low,Merit
82.1,3.9,,63.2,77.2,2.6,Medium,Merit
78.8,6.7,63.0,,45.8,3.21,High,Pass
89.7,6.7,73.1,62.6,60.6,3.79,High,Merit
100.0,16.8,91.3,59.4,35.4,2.36,High,Merit
90.2,20.6,80.8,44.8,72.6,2.87,Low,Merit
47.4,11.5,74.2,54.3,69.3,,Medium,Merit
55.8,11.2,,72.8,68.9,2.11,Medium,Pass
65.6,12.4,68.7,69.8,,2.81,High,Pass
75.4,17.8,76.4,67.5,67.5,1.77,Low,Pass
82.8,7.4,30.1,50.1,88.9,,High,Pass
64.1,13.2,63.6,62.3,54.9,3.06,Medium,Pass
77.8,16.9,,32.3,62.5,,Low,Pass
63.7,14.5,50.7,67.7,40.4,2.94,Medium,Pass
65.8,,73.8,86.4,44.4,2.79,Medium,Pass
53.9,17.0,64.9,42.9,61.8,2.12,Medium,Pass
61.2,1.0,94.3,56.2,79.9,2.77,Low,Pass
54.7,15.4,,69.9,,1.94,Low,Pass
60.4,8.7,61.0,83.8,55.8,3.77,High,Pass
90.8,,65.7,58.3,52.7,1.85,Low,Fail
60.8,14.6,66.9,54.6,50.4,2.66,Low,Pass
100.0,18.9,61.2,35.5,65.3,2.07,Medium,Merit
82.4,11.3,70.9,66.6,33.0,3.2,Medium,Pass
77.8,16.8,56.6,95.6,83.1,2.57,High,Merit
62.1,20.1,51.0,69.2,48.0,2.44,Medium,Pass
85.5,18.6,77.3,64.7,73.0,3.4,High,Merit
66.4,20.2,,69.8,37.1,2.82,Medium,Pass
76.8,15.7,55.9,64.8,72.0,3.16,Low,Fail
100.0,12.4,81.4,52.8,72.1,2.11,Low,Pass
73.6,4.0,58.5,77.3,66.9,1.82,Medium,Pass
92.2,10.8,71.8,68.4,42.1,2.88,Medium,Merit
64.5,7.8,80.3,65.3,64.5,2.58,High,Merit
74.5,22.9,67.5,50.4,38.7,3.24,Medium,Pass
100.0,11.1,74.8,84.6,55.5,2.74,Medium,Merit
65.6,12.6,60.3,75.0,78.5,2.94,Low,Pass
100.0,14.8,65.1,56.7,74.3,1.66,Low,Pass
85.6,12.2,64.9,80.0,60.3,4.0,Medium,Merit
66.6,20.5,56.8,57.5,42.5,2.69,Medium,Pass
84.5,8.9,65.3,53.3,71.6,3.29,Medium,Merit
89.6,13.0,,53.6,60.3,2.21,Low,Pass
84.3,8.3,60.6,38.4,18.2,3.02,Medium,Pass
51.4,5.4,63.7,72.1,74.1,1.89,High,Merit
64.1,8.9,64.2,37.5,,3.12,Medium,Fail
71.3,11.8,64.4,46.6,81.6,2.55,Medium,Pass
73.9,9.9,,,40.3,2.82,High,Pass
84.3,8.5,75.2,63.7,10.0,3.29,Medium,Pass
77.7,5.0,81.1,62.7,65.0,1.94,Medium,Merit
55.0,11.6,58.3,60.1,65.2,2.32,Low,Fail
80.7,4.5,,49.4,29.6,3.12,Medium,Fail
84.2,15.8,52.4,47.4,42.4,4.0,Low,Pass
83.4,12.4,60.7,72.0,100.0,2.7,High,Merit
91.2,4.7,62.7,56.7,54.5,3.21,High,Pass
87.5,10.5,56.5,69.7,73.2,2.73,High,Merit
81.9,8.2,,51.7,48.3,4.0,High,Merit
73.9,13.6,61.2,67.7,22.4,1.58,Medium,Pass
50.1,18.7,70.7,84.5,56.9,2.87,Medium,Pass
81.4,2.6,76.9,73.8,55.2,1.66,High,Pass
78.1,12.6,59.6,58.8,52.8,1.05,High,Pass
79.1,11.2,61.8,68.9,57.9,3.01,Medium,Merit
55.8,15.4,54.1,61.4,64.8,2.9,High,Pass
58.8,13.1,67.5,65.1,57.3,2.6,Medium,Pass
90.8,8.2,55.3,60.1,37.2,2.73,Medium,Pass
74.4,10.4,76.6,62.5,68.8,4.0,Medium,Pass
85.2,8.0,41.2,68.2,24.9,2.62,Low,Pass
75.4,17.4,62.6,50.1,23.1,3.16,Low,Fail
75.4,12.1,72.5,49.8,73.3,2.35,Low,Pass
89.1,21.5,70.8,44.2,69.1,3.01,Medium,Pass
67.3,,100.0,41.0,59.0,2.63,Medium,Pass
76.4,8.5,73.2,46.7,34.9,2.51,Medium,Pass
,4.4,52.9,67.4,47.3,4.0,High,Pass
68.5,3.0,66.6,51.6,55.3,3.62,Medium,Pass
70.4,4.1,41.4,72.7,31.3,2.9,Medium,Pass
78.3,13.3,66.8,65.5,46.7,1.19,Low,Pass
67.8,14.5,55.5,35.5,71.7,2.55,Low,Pass
93.8,4.1,81.7,74.8,85.7,4.0,High,Distinction
61.6,16.5,,,52.5,2.64,Medium,Pass
72.2,9.6,66.2,,,3.57,High,Pass
68.4,12.7,58.5,71.3,25.5,3.81,Low,Pass
96.7,20.1,94.1,52.2,71.9,2.95,Medium,Merit
77.9,16.5,63.2,66.5,45.5,2.21,Medium,Pass
90.5,10.7,95.5,46.0,,1.1,Low,Pass
52.7,7.5,80.2,38.1,55.5,3.28,Low,Pass
79.0,1.2,75.2,,83.8,2.23,Low,Pass
88.3,8.4,73.5,63.1,44.3,2.92,Medium,Pass
76.2,10.9,73.9,59.0,71.3,1.93,Low,Pass
91.0,7.1,39.1,,55.0,2.61,High,Pass
67.2,11.3,63.8,59.0,57.2,2.82,Medium,Fail
96.1,12.4,80.7,,56.7,2.99,Low,Pass
100.0,10.9,67.3,64.3,44.8,2.02,Low,Pass
,8.7,46.9,67.7,59.7,3.64,Medium,Pass
68.3,12.8,67.2,54.9,58.9,2.38,Low,Pass
96.8,14.2,93.6,82.6,64.3,1.63,High,Merit
98.7,6.5,86.7,,61.5,2.72,High,Merit
67.2,19.1,67.1,72.3,74.4,2.82,Low,Pass
68.7,11.5,82.3,82.7,76.6,2.91,Medium,Merit
70.8,12.1,62.5,72.2,41.1,,Low,Pass
54.8,15.5,42.4,62.0,75.6,2.63,Medium,Pass
61.2,13.2,54.1,57.1,38.6,2.72,Medium,Fail
59.9,16.8,91.4,80.5,70.6,2.03,Medium,Merit
63.5,13.4,63.9,43.7,71.2,,Low,Pass
74.5,8.9,64.3,50.4,25.6,2.93,Medium,Pass
78.5,,63.5,59.0,61.7,2.51,Medium,Fail
98.3,6.3,96.6,83.6,51.6,1.47,Low,Pass
60.0,12.5,92.4,70.7,46.3,3.81,Medium,Pass
89.8,11.8,100.0,50.5,84.3,1.94,Medium,Merit
71.8,11.0,65.6,60.3,48.2,2.39,High,Pass
,11.4,72.4,55.8,45.5,3.05,Low,Pass
85.1,2.6,45.3,54.4,61.4,1.96,High,Pass
58.2,,90.2,79.7,72.3,1.75,Medium,Pass
80.7,12.5,50.5,44.4,57.5,1.31,Low,Fail
77.5,12.8,71.3,89.1,81.0,3.3,Medium,Merit
82.4,6.9,51.5,77.4,69.6,2.42,Medium,Pass
79.3,,59.2,81.4,20.8,4.0,High,Pass
100.0,7.7,55.4,58.1,50.5,2.1,Low,Fail
65.4,16.8,58.9,62.8,49.9,2.15,Medium,Merit
67.0,14.1,59.9,43.5,68.6,2.4,Medium,Pass
65.7,8.8,59.8,57.1,12.8,2.97,High,Pass
66.7,20.9,80.5,72.4,100.0,2.47,Medium,Merit
65.4,6.0,51.4,84.4,69.6,3.23,High,Pass
92.8,16.6,71.3,48.4,62.7,2.11,High,Merit
96.3,17.0,86.3,59.5,81.3,1.83,Medium,Merit
66.4,8.6,60.3,62.7,100.0,1.54,High,Pass
62.5,19.0,57.2,44.1,75.7,1.24,High,Merit
82.1,10.7,64.5,73.9,77.1,2.44,Medium,Merit
66.7,,85.7,54.1,,2.59,Medium,Merit
84.5,13.3,70.9,62.1,57.5,2.36,Medium,Pass
78.0,11.3,60.0,58.2,51.4,3.67,Medium,Pass
52.3,16.1,75.3,53.2,45.1,3.66,Low,Pass
98.2,16.0,51.5,64.9,47.6,,Low,Pass
100.0,3.3,78.2,61.8,35.7,1.54,Medium,Fail
65.8,18.5,74.1,59.4,,2.4,Medium,Pass
69.2,3.7,63.4,54.1,29.7,2.38,Low,Fail
79.3,17.2,55.4,69.8,63.4,,High,Merit
80.0,17.6,54.7,89.8,59.3,2.31,High,Merit
84.9,6.5,76.0,67.1,62.6,2.34,Low,Pass
100.0,9.9,86.4,79.9,50.6,2.53,Medium,Merit
72.3,6.5,58.4,44.1,100.0,2.36,Medium,Pass
63.0,10.9,74.9,67.4,84.5,2.95,High,Distinction
54.3,10.5,36.7,48.5,37.6,3.05,Low,Fail
64.0,15.9,59.2,42.8,64.2,2.16,Low,Fail
74.5,18.6,67.5,53.9,49.1,,High,Merit
100.0,,54.4,82.9,41.7,2.11,High,Merit
67.2,,54.0,79.3,35.9,1.67,High,Pass
78.4,11.0,58.0,68.6,67.8,3.07,High,Merit
74.8,3.6,72.4,42.0,47.7,2.23,Low,Pass
92.8,8.0,65.2,,,3.02,Medium,Merit
100.0,16.8,34.4,69.5,77.9,1.12,Low,Pass
67.0,20.1,36.2,67.6,84.7,3.77,Low,Fail
67.7,5.8,58.9,37.3,44.7,3.27,High,Pass
90.7,9.0,74.9,51.6,68.6,,Low,Pass
,11.9,26.8,64.0,71.4,1.76,Medium,Pass
100.0,13.4,60.5,73.0,51.5,3.97,High,Merit
83.8,8.0,60.1,32.1,46.1,2.28,Low,Fail
69.6,14.1,88.8,62.6,89.0,2.22,High,Merit
83.9,9.6,,67.1,64.1,1.21,High,Merit
91.6,11.9,73.7,77.7,71.4,2.55,Medium,Merit
87.3,14.7,70.1,,45.2,2.64,Low,Pass
82.6,12.0,,73.7,38.1,3.3,Medium,Pass
91.0,9.8,79.5,53.0,49.7,1.82,Medium,Pass
92.5,11.5,71.2,36.4,57.8,1.74,Medium,Pass
95.7,11.6,,59.1,40.8,3.12,Medium,Merit
84.7,10.1,100.0,80.0,59.8,3.5,High,Merit
72.5,10.7,36.7,,29.6,1.7,Low,Fail
77.2,20.0,93.9,75.7,39.8,3.56,High,Merit
93.1,14.8,63.7,71.4,72.1,2.83,Low,Pass
62.7,10.5,72.3,70.7,70.9,3.56,Medium,Pass
80.5,15.5,67.3,56.7,52.9,2.75,High,Merit
,10.3,61.6,63.0,41.7,1.03,Medium,Fail
75.4,17.9,59.5,90.0,41.5,2.69,Low,Pass
94.2,13.8,72.9,50.9,53.3,3.54,Medium,Pass
77.9,11.5,45.2,89.2,71.6,2.17,High,Merit
75.7,14.2,79.3,60.2,76.7,2.53,Medium,Pass
54.6,4.1,61.8,84.9,51.1,2.68,Medium,Pass
86.2,6.4,51.0,43.9,39.2,0.77,Medium,Pass
84.7,6.0,61.2,73.8,64.8,3.97,High,Merit
100.0,12.7,86.9,53.9,45.2,2.17,High,Merit
,20.7,,43.8,50.7,3.15,Medium,Pass
78.3,23.2,73.4,68.3,83.9,2.74,High,Distinction
78.7,15.2,57.0,80.1,74.9,3.68,Medium,Merit
98.7,14.5,79.4,52.3,62.8,3.08,Medium,Merit
73.6,3.0,78.3,42.5,37.1,2.64,Low,Fail
79.2,9.3,95.7,63.6,,2.17,Medium,Pass
,8.1,65.4,63.7,79.1,3.36,Medium,Merit
77.8,8.9,78.0,73.2,53.2,1.49,Low,Pass
68.3,11.2,69.5,79.2,84.3,3.25,Medium,Merit
77.9,9.6,87.4,64.1,83.3,2.03,High,Distinction
91.1,2.1,57.2,92.8,89.9,3.68,Medium,Merit
59.6,,79.2,68.4,65.5,2.91,Medium,Pass
77.0,6.6,65.1,59.8,70.6,3.25,High,Merit
64.5,13.2,67.0,40.8,85.5,2.86,Low,Pass
92.9,22.4,69.4,61.1,68.1,1.57,Medium,Merit
52.2,7.4,71.8,60.0,51.0,2.2,High,Pass
66.6,1.0,66.3,79.4,51.9,3.27,Medium,Pass
80.7,10.6,71.2,71.9,64.3,2.92,Medium,Merit
98.5,17.5,91.7,47.3,36.8,3.63,Low,Pass
74.0,21.8,82.8,67.6,57.4,3.08,High,Merit
66.7,5.9,81.0,75.1,79.7,2.12,Medium,Merit
100.0,14.5,61.2,87.9,20.6,2.24,High,Merit
53.3,9.7,54.7,78.3,87.6,2.87,Medium,Pass
42.0,11.5,82.3,76.4,80.2,1.18,Medium,Pass
81.6,25.2,81.1,65.9,51.7,3.97,High,Merit
67.5,4.5,90.1,70.8,69.8,3.11,Medium,Pass
59.7,13.3,58.9,83.7,60.1,3.66,Medium,Pass
85.6,14.3,64.6,45.0,82.1,1.69,Medium,Pass
78.7,17.4,43.4,59.8,77.7,3.67,High,Merit
66.5,12.5,62.1,53.4,34.8,4.0,Medium,Pass
55.8,13.5,,70.7,70.6,,Medium,Pass
88.1,10.0,,83.5,56.3,3.34,Low,Merit
84.8,13.3,77.6,56.0,61.5,2.8,High,Merit
73.5,10.3,65.1,29.1,46.9,1.72,Low,Fail
100.0,15.1,,58.8,91.5,3.15,Medium,Merit
58.9,10.2,50.8,78.7,78.7,3.38,Medium,Merit
52.1,13.9,,73.1,46.7,2.38,Medium,Pass
64.6,11.9,23.1,71.4,36.0,3.62,Medium,Fail
74.3,17.6,65.2,60.8,53.1,1.63,Low,Pass
,11.7,43.5,45.8,67.8,1.75,Medium,Fail
71.4,3.1,86.1,72.7,64.3,2.9,High,Pass
80.3,18.3,79.7,52.5,82.6,2.82,High,Merit
56.2,7.5,,97.8,74.2,2.3,Low,Pass
96.7,8.7,90.8,73.6,77.5,3.37,High,Distinction
73.8,9.0,53.8,56.3,65.9,3.17,Medium,Merit
91.8,18.9,94.2,55.8,35.0,3.4,High,Merit
80.1,1.3,82.0,63.6,56.5,2.71,Medium,Pass
81.9,27.7,64.5,61.4,79.1,3.22,Medium,Merit
83.5,17.3,85.0,81.8,59.1,2.49,High,Merit
81.7,13.1,51.4,67.8,69.1,4.0,High,Pass
84.6,11.7,55.6,54.0,54.3,2.23,Medium,Merit
94.9,13.4,58.9,93.4,41.5,4.0,Medium,Merit
77.9,14.6,60.1,65.7,57.8,2.82,Medium,Pass
85.6,15.2,52.2,76.5,65.6,1.84,Medium,Merit
73.7,14.8,86.3,55.9,,3.76,Medium,Merit
96.6,12.4,64.1,70.4,55.8,2.89,Medium,Merit
64.9,11.0,73.3,69.7,43.1,3.4,High,Pass
100.0,11.2,59.4,36.7,80.1,3.66,Low,Pass
74.4,11.0,40.7,95.2,54.7,3.04,Medium,Pass
53.5,17.7,72.1,,86.1,2.39,Low,Pass
76.9,15.0,39.3,59.0,87.5,3.48,Medium,Merit
64.8,1.0,67.0,48.5,58.5,2.8,Low,Fail
87.6,15.3,47.5,70.2,41.8,3.28,Medium,Pass
65.2,13.0,97.8,66.3,22.5,1.29,High,Merit
68.3,11.9,81.7,70.3,33.5,3.11,High,Pass
46.7,10.1,69.6,67.9,35.3,2.35,Low,Fail
68.2,17.6,87.0,72.6,84.8,3.96,Medium,Merit
38.6,16.7,55.3,86.7,62.1,3.24,Medium,Pass
51.2,8.1,76.2,73.5,67.0,2.97,High,Merit
86.4,14.0,71.0,49.3,,3.14,High,Pass
86.8,7.1,72.0,85.4,,2.1,Medium,Pass
81.4,5.1,87.1,89.6,76.0,3.94,Medium,Distinction
60.5,8.9,79.0,100.0,65.2,4.0,High,Merit
74.3,16.3,72.3,48.1,57.4,3.08,Low,Pass
74.9,16.8,43.2,68.6,70.2,3.91,Medium,Merit
57.6,,53.6,33.8,89.4,2.4,High,Merit
97.6,15.6,66.2,73.3,56.0,2.24,High,Merit
88.2,14.6,69.4,56.8,61.2,2.83,Medium,Merit
71.7,,51.0,93.9,63.5,3.1,Medium,Merit
,14.2,100.0,53.4,100.0,2.52,Medium,Merit
78.1,16.0,90.7,39.7,22.2,3.18,Medium,Merit
44.4,15.8,77.0,57.9,72.3,3.01,Medium,Pass
71.3,17.9,69.1,35.4,57.9,2.1,Medium,Pass
64.8,15.5,64.8,76.3,70.2,,High,Merit
60.0,13.8,53.7,34.0,48.2,3.4,High,Pass
70.8,17.4,69.2,65.4,59.1,2.92,Low,Pass
100.0,11.9,71.9,33.8,72.8,3.61,Medium,Merit
84.6,7.6,49.4,60.2,100.0,1.95,Medium,Merit
66.4,,73.0,89.7,74.5,3.13,Medium,Merit
83.6,8.3,65.7,70.4,,1.98,Low,Pass
